{
  "uid" : "b1a8273437954620fa374b796ffaacdd",
  "name" : "behaviors",
  "children" : [ {
    "name" : "test_login.TestLogin.test_login1",
    "uid" : "ae34d54da068714e",
    "parentUid" : "b1a8273437954620fa374b796ffaacdd",
    "status" : "passed",
    "time" : {
      "start" : 1557112465023,
      "stop" : 1557112465031,
      "duration" : 8
    },
    "flaky" : false,
    "parameters" : [ ]
  }, {
    "name" : "test_login.TestLogin.test_login2",
    "uid" : "4846441a7e3016fb",
    "parentUid" : "b1a8273437954620fa374b796ffaacdd",
    "status" : "failed",
    "time" : {
      "start" : 1557112465054,
      "stop" : 1557112465139,
      "duration" : 85
    },
    "flaky" : false,
    "parameters" : [ ]
  }, {
    "name" : "test_login.TestLogin.test_login3",
    "uid" : "2c1b5c8f5a83d0fa",
    "parentUid" : "b1a8273437954620fa374b796ffaacdd",
    "status" : "passed",
    "time" : {
      "start" : 1557112465140,
      "stop" : 1557112465141,
      "duration" : 1
    },
    "flaky" : false,
    "parameters" : [ ]
  } ]
}