{
  "uid" : "4b4757e66a1912dae1a509f688f20b0f",
  "name" : "categories",
  "children" : [ {
    "name" : "Product defects",
    "children" : [ {
      "name" : "AssertionError: assert 0",
      "children" : [ {
        "name" : "test_login.TestLogin.test_login2",
        "uid" : "4846441a7e3016fb",
        "parentUid" : "c9c77d7ae15b4ab6e63220cefc19b68f",
        "status" : "failed",
        "time" : {
          "start" : 1557112465054,
          "stop" : 1557112465139,
          "duration" : 85
        },
        "flaky" : false,
        "parameters" : [ ]
      } ],
      "uid" : "c9c77d7ae15b4ab6e63220cefc19b68f"
    } ],
    "uid" : "8fb3a91ba5aaf9de24cc8a92edc82b5d"
  } ]
}