{
  "uid" : "83edc06c07f9ae9e47eb6dd1b683e4e2",
  "name" : "packages",
  "children" : [ {
    "name" : "scripts",
    "children" : [ {
      "name" : "test_login.TestLogin.test_login1",
      "uid" : "ae34d54da068714e",
      "parentUid" : "8083a48773cbfbc2897cb0336273acc5",
      "status" : "passed",
      "time" : {
        "start" : 1557112465023,
        "stop" : 1557112465031,
        "duration" : 8
      },
      "flaky" : false,
      "parameters" : [ ]
    }, {
      "name" : "test_login.TestLogin.test_login2",
      "uid" : "4846441a7e3016fb",
      "parentUid" : "8083a48773cbfbc2897cb0336273acc5",
      "status" : "failed",
      "time" : {
        "start" : 1557112465054,
        "stop" : 1557112465139,
        "duration" : 85
      },
      "flaky" : false,
      "parameters" : [ ]
    }, {
      "name" : "test_login.TestLogin.test_login3",
      "uid" : "2c1b5c8f5a83d0fa",
      "parentUid" : "8083a48773cbfbc2897cb0336273acc5",
      "status" : "passed",
      "time" : {
        "start" : 1557112465140,
        "stop" : 1557112465141,
        "duration" : 1
      },
      "flaky" : false,
      "parameters" : [ ]
    } ],
    "uid" : "8083a48773cbfbc2897cb0336273acc5"
  } ]
}