{
  "uid" : "98d3104e051c652961429bf95fa0b5d6",
  "name" : "suites",
  "children" : [ {
    "name" : "scripts",
    "children" : [ {
      "name" : "test_login.TestLogin.test_login1",
      "uid" : "ae34d54da068714e",
      "parentUid" : "af586ea5ffb1b57fad0f98a55a6d147c",
      "status" : "passed",
      "time" : {
        "start" : 1557112465023,
        "stop" : 1557112465031,
        "duration" : 8
      },
      "flaky" : false,
      "parameters" : [ ]
    }, {
      "name" : "test_login.TestLogin.test_login2",
      "uid" : "4846441a7e3016fb",
      "parentUid" : "af586ea5ffb1b57fad0f98a55a6d147c",
      "status" : "failed",
      "time" : {
        "start" : 1557112465054,
        "stop" : 1557112465139,
        "duration" : 85
      },
      "flaky" : false,
      "parameters" : [ ]
    }, {
      "name" : "test_login.TestLogin.test_login3",
      "uid" : "2c1b5c8f5a83d0fa",
      "parentUid" : "af586ea5ffb1b57fad0f98a55a6d147c",
      "status" : "passed",
      "time" : {
        "start" : 1557112465140,
        "stop" : 1557112465141,
        "duration" : 1
      },
      "flaky" : false,
      "parameters" : [ ]
    } ],
    "uid" : "af586ea5ffb1b57fad0f98a55a6d147c"
  } ]
}