{
  "43f26af7c1b05e68d621a568daae0a6b" : {
    "statistic" : {
      "failed" : 1,
      "broken" : 0,
      "skipped" : 0,
      "passed" : 0,
      "unknown" : 0,
      "total" : 1
    },
    "items" : [ {
      "uid" : "4846441a7e3016fb",
      "status" : "failed",
      "statusDetails" : "AssertionError: assert 0",
      "time" : {
        "start" : 1557112465054,
        "stop" : 1557112465139,
        "duration" : 85
      }
    } ]
  },
  "483259d4995adf04cb947aa0e3fe7231" : {
    "statistic" : {
      "failed" : 0,
      "broken" : 0,
      "skipped" : 0,
      "passed" : 1,
      "unknown" : 0,
      "total" : 1
    },
    "items" : [ {
      "uid" : "2c1b5c8f5a83d0fa",
      "status" : "passed",
      "time" : {
        "start" : 1557112465140,
        "stop" : 1557112465141,
        "duration" : 1
      }
    } ]
  },
  "ec52df043814b8859326101966790f3e" : {
    "statistic" : {
      "failed" : 0,
      "broken" : 0,
      "skipped" : 0,
      "passed" : 1,
      "unknown" : 0,
      "total" : 1
    },
    "items" : [ {
      "uid" : "ae34d54da068714e",
      "status" : "passed",
      "time" : {
        "start" : 1557112465023,
        "stop" : 1557112465031,
        "duration" : 8
      }
    } ]
  }
}