[ {
  "uid" : "2c1b5c8f5a83d0fa",
  "name" : "test_login.TestLogin.test_login3",
  "time" : {
    "start" : 1557112465140,
    "stop" : 1557112465141,
    "duration" : 1
  },
  "status" : "passed",
  "severity" : "normal"
}, {
  "uid" : "4846441a7e3016fb",
  "name" : "test_login.TestLogin.test_login2",
  "time" : {
    "start" : 1557112465054,
    "stop" : 1557112465139,
    "duration" : 85
  },
  "status" : "failed",
  "severity" : "normal"
}, {
  "uid" : "ae34d54da068714e",
  "name" : "test_login.TestLogin.test_login1",
  "time" : {
    "start" : 1557112465023,
    "stop" : 1557112465031,
    "duration" : 8
  },
  "status" : "passed",
  "severity" : "normal"
} ]